category,type,text,difficulty,points,answers (separated by |),correctAnswer
Office,Truth,"ปุ่มลัดบนคีย์บอร์ดสำหรับคำสั่ง ""Paste"" (วาง) คือปุ่มใด?",easy,100,Ctrl+C | Ctrl+V | Ctrl+P | Ctrl+X,Ctrl+V
Office,Truth,นามสกุลไฟล์มาตรฐานของโปรแกรม Microsoft Excel ยุคปัจจุบันคือ?,easy,100,.xls | .xlsx | .doc | .ppt,.xlsx
Office,Truth,"คำว่า ""ASAP"" ที่ชอบใช้ในอีเมล ย่อมาจาก?",easy,100,As Soon As Possible | Always Send A Post | As Simple As Plan | Ask Service And Plan,As Soon As Possible
Office,Truth,"ตำแหน่ง ""HR"" ย่อมาจากอะไร?",easy,100,High Risk | Human Rights | Human Resources | Hotel Reception,Human Resources
Office,Truth,ภาษีมูลค่าเพิ่ม (VAT) ของประเทศไทยปัจจุบันอยู่ที่กี่เปอร์เซ็นต์?,easy,100,5% | 7% | 10% | 12%,7%
Office,Truth,ใครคือผู้ก่อตั้งบริษัท Microsoft?,easy,100,Steve Jobs | Mark Zuckerberg | Bill Gates | Elon Musk,Bill Gates
Office,Truth,วันแรงงานแห่งชาติ ตรงกับวันที่เท่าไหร่?,easy,100,1 มกราคม | 1 เมษายน | 1 พฤษภาคม | 1 มิถุนายน,1 พฤษภาคม
Office,Dare,"ท้าให้ทำ: ทำท่าทาง ""เจ้านายโกรธ"" แบบไม่มีเสียง",easy,100,,
Y2K,Truth,"ดูโอ้เจ้าของเพลง ""เกรงใจ"" (ท่าเต้นโหนรถเมล์) คือวงอะไร?",easy,100,Liftoil | Raptor | Jr.Voy | China Dolls,Raptor
Y2K,Truth,เกมงู (Snake) มากับมือถือยี่ห้อในตำนานยี่ห้อใด?,easy,100,Motorola | Samsung | Nokia | Siemens,Nokia
Y2K,Truth,"เพลง ""ผ้าเช็ดหน้า"" เป็นของศิลปินวงใด?",easy,100,Project H | Triumphs Kingdom | Niece | Mr.Sister,Triumphs Kingdom
Y2K,Truth,ใน Dragon Ball ต้องรวบรวมลูกแก้วกี่ลูกเพื่อเรียกเทพเจ้ามังกร?,easy,100,5 ลูก | 7 ลูก | 9 ลูก | 10 ลูก,7 ลูก
Y2K,Truth,"ขนมที่มีสโลแกน ""อร่อย...จนหยุดไม่ได้"" คือ?",easy,100,เลย์ | ฮานามิ | คาลบี้ | ปาปริก้า,คาลบี้
Y2K,Truth,ทามาก็อตจิ (Tamagotchi) คือของเล่นประเภทใด?,easy,100,สัตว์เลี้ยงดิจิทัล | หุ่นยนต์ต่อสู้ | ตุ๊กตาเปลี่ยนชุด | เกมเต้น,สัตว์เลี้ยงดิจิทัล
Y2K,Truth,"รายการ ""เกมเศรษฐี"" ประโยคติดปากของไตรภพคือ?",easy,100,ถูกต้องนะคร้าบ | เอามั้ยครับ | ฟังธง | ขอล้านนึง,ถูกต้องนะคร้าบ
Y2K,Truth,"เพลง ""หมวยนี่คะ"" เป็นเพลงของใคร?",easy,100,China Dolls | Hwa Hwa | Bell | Jenny,China Dolls
Y2K,Truth,"สัตว์ที่งับนิ้วในเกม ""จระเข้งับนิ้ว"" คือสัตว์อะไร?",easy,100,ฉลาม | จระเข้ | สุนัข | ไดโนเสาร์,จระเข้
Y2K,Dare,"ท้าให้ทำ: ทำท่าแปลงร่าง ""เซเลอร์มูน""",easy,100,,
Y2K,Dare,"ท้าให้ทำ: เล่นเป่ายิงฉุบแบบ ""ราชา-ราชินี"" ให้ชนะ 2 ใน 3",easy,100,,
Viral,Truth,โลโก้นกสีฟ้าของ Twitter เปลี่ยนเป็นตัวอักษรอะไร?,easy,100,A | X | Z | T,X
Viral,Truth,"""งานดีย์"" แปลว่าอะไร?",easy,100,งานหนัก | หน้าตาดี/คุณภาพดี | งานน่าเบื่อ | เงินดี,หน้าตาดี/คุณภาพดี
Viral,Truth,"""หมูเด้ง"" อยู่ที่สวนสัตว์ไหน?",easy,100,เขาดิน | เขาเขียว | เชียงใหม่ | โคราช,เขาเขียว
Viral,Truth,"""น้อน"" ใช้เรียกอะไร?",easy,100,สิ่งที่น่ากลัว | สิ่งที่น่ารัก/น่าเอ็นดู | สิ่งที่เกลียด | เจ้านาย,สิ่งที่น่ารัก/น่าเอ็นดู
Viral,Truth,เจ้าของ Facebook คือใคร?,easy,100,Steve Jobs | Bill Gates | Elon Musk | Mark Zuckerberg,Mark Zuckerberg
Viral,Truth,"วลี ""วาสนาผู้ใดหนอ"" มักใช้ในบริบทไหน?",easy,100,สมน้ำหน้า | อิจฉาแบบน่ารัก | สงสาร | ให้กำลังใจ,อิจฉาแบบน่ารัก
Viral,Dare,"ท้าให้ทำ: พูดลงท้ายด้วย ""ฉ่ำ"" ทุกประโยค 1 นาที",easy,100,,
Viral,Dare,"ท้าให้ทำ: ทำหน้า ""Meme"" ให้เพื่อนทาย",easy,100,,
Food,Truth,ส่วนประกอบหลักส้มตำไทย นอกจากมะละกอคือ?,easy,100,ปลาร้า | กะปิ | กุ้งแห้ง/ถั่วลิสง | ปูเค็ม,กุ้งแห้ง/ถั่วลิสง
Food,Truth,โลโก้ Starbucks คือรูปอะไร?,easy,100,เทพเจ้า | ใบไม้ | เมล็ดกาแฟ | นางเงือกไซเรน,นางเงือกไซเรน
Food,Truth,อาหารประจำชาติของเกาหลีคือ?,easy,100,ซูชิ | ต้มยำกุ้ง | กิมจิ | ติ่มซำ,กิมจิ
Food,Truth,"""Pad Thai"" (ผัดไทย) เส้นที่ใช้คือเส้นอะไร?",easy,100,เส้นใหญ่ | เส้นหมี่ | เส้นเล็ก/เส้นจันท์ | วุ้นเส้น,เส้นเล็ก/เส้นจันท์
Food,Truth,ชาเขียวมัทฉะ (Matcha) มาจากประเทศใด?,easy,100,จีน | ญี่ปุ่น | ไต้หวัน | เกาหลี,ญี่ปุ่น
Food,Truth,"ร้านฟาสต์ฟู้ดที่มี ""ผู้พัน"" เป็นสัญลักษณ์?",easy,100,McDonald's | KFC | Burger King | Taco Bell,KFC
Food,Dare,ท้าให้ทำ: ทำท่าซดราเมงให้อร่อยจนเพื่อนหิว,easy,100,,
Entertainment,Truth,นางเอกบุพเพสันนิวาสชื่ออะไร (ร่างปัจจุบัน)?,easy,100,การะเกด | เกศสุรางค์ | พุดตาน | แย้ม,เกศสุรางค์
Entertainment,Truth,"ฉายา ""ห้างแตก"" คือใคร?",easy,100,ณเดชน์ | เป๊ก ผลิตโชค | ญาญ่า | บร๊ะเจ้าโจ๊ก,เป๊ก ผลิตโชค
Entertainment,Truth,เพลง Let It Go มาจากเรื่อง?,easy,100,Moana | Tangled | Frozen | Mulan,Frozen
Entertainment,Truth,รายการ Running Man มาจากประเทศ?,easy,100,ไทย | จีน | เกาหลีใต้ | ญี่ปุ่น,เกาหลีใต้
Entertainment,Truth,"เพลง ""คุกกี้เสี่ยงทาย"" เป็นเพลงของวง?",easy,100,CGM48 | BNK48 | Pixxie | 4EVE,BNK48
Entertainment,Dare,ท้าให้ทำ: ร้องเพลงชาติไทยให้เพี้ยนที่สุด,easy,100,,
Entertainment,Dare,ท้าให้ทำ: ทำท่าตายแบบตัวประกอบ,easy,100,,
Knowledge,Truth,ดาวเคราะห์ใหญ่สุดในระบบสุริยะ?,easy,100,โลก | ดาวเสาร์ | ดาวพฤหัส | ดาวอังคาร,ดาวพฤหัส
Knowledge,Truth,ปลาโลมา เป็นสัตว์ประเภทไหน?,easy,100,ปลา | สัตว์เลี้ยงลูกด้วยนม | สัตว์เลื้อยคลาน | สัตว์ปีก,สัตว์เลี้ยงลูกด้วยนม
Knowledge,Truth,ม้าก้านกล้วย ภาคไหนเล่น?,easy,100,เหนือ | อีสาน | กลาง | ทุกภาค,ทุกภาค
Knowledge,Truth,ภูเขาที่สูงที่สุดในโลกคือ?,easy,100,ฟูจิ | เอเวอเรสต์ | คิลิมันจาโร | ดอยอินทนนท์,เอเวอเรสต์
Knowledge,Truth,น้ำมีสูตรทางเคมีว่าอะไร?,easy,100,CO2 | O2 | H2O | NaCl,H2O
Knowledge,Truth,กรุงเทอมหานคร มีชื่อย่อภาษาอังกฤษว่า?,easy,100,BKK | CNX | HKT | DMK,BKK
Knowledge,Truth,วันที่ 14 กุมภาพันธ์ คือวันอะไร?,easy,100,วันแม่ | วันพ่อ | วันวาเลนไทน์ | วันครู,วันวาเลนไทน์
Knowledge,Truth,สีตรงข้ามของสีขาวคือ?,easy,100,สีแดง | สีดำ | สีน้ำเงิน | สีเทา,สีดำ
Knowledge,Dare,"ท้าให้ทำ: พูดชื่อจังหวัดลงท้าย ""บุรี"" 5 ชื่อ",easy,100,,
Knowledge,Dare,ท้าให้ทำ: กลั้นหายใจจนกว่าเพื่อนจะนับ 20,easy,100,,
Office,Truth,ลูกจ้างมีสิทธิ์ลาป่วยได้ปีละกี่วัน (โดยได้รับค่าจ้าง)?,hard,300,15 วัน | 30 วัน | 45 วัน | 60 วัน,30 วัน
Office,Truth,"""KPI"" ตัวชี้วัดผลงาน ย่อมาจากอะไร?",hard,300,Key Person Index | Key Performance Indicator | Keep People In | Key Point Indicator,Key Performance Indicator
Office,Truth,การทำงานล่วงเวลา (OT) ในวันทำงานปกติ ต้องจ่ายค่าจ้างกี่เท่า?,hard,300,1 เท่า | 1.5 เท่า | 2 เท่า | 3 เท่า,1.5 เท่า
Office,Truth,การลาบวช (สำหรับชายไทย) ตามกฎหมายลาได้สูงสุดกี่วัน (ขึ้นอยู่กับนโยบายบริษัท)?,hard,300,30 วัน | 60 วัน | 90 วัน | 120 วัน,60 วัน
Office,Truth,PDF ย่อมาจากอะไร?,hard,300,Public Data File | Portable Document Format | Personal Digital File | Print Document File,Portable Document Format
Office,Dare,"ท้าให้ทำ: ขาย ""ปากกา"" แท่งนี้ให้กรรมการซื้อ ภายใน 1 นาที",hard,300,,
Office,Dare,ท้าให้ทำ: โทรหาเพื่อนร่วมงาน (นอกเกม) ขอยืมเงิน 20 บาท,hard,300,,
Y2K,Truth,บัตรเติมเงิน AIS ในอดีต เรียกว่าบัตรอะไร?,hard,300,Happy Dprompt | 1-2-Call | Orange | Hutch,1-2-Call
Y2K,Truth,"นางเอก MV เพลง ""ซ่าส์...สั่นๆ"" ของ D2B คือใคร?",hard,300,เจนี่ เทียนโพธิ์สุวรรณ | โดนัท มนัสนันท์ | แตงโม นิดา | แพนเค้ก เขมนิจ,โดนัท มนัสนันท์
Y2K,Truth,ใคร ไม่ใช่ สมาชิกแก๊งเฟอร์บี้ (ดาราช่อง 3)?,hard,300,แต้ว ณฐพร | เต้ย จรินทร์พร | มิว นิษฐา | ญาญ่า อุรัสยา,ญาญ่า อุรัสยา
Y2K,Truth,"เพลง ""ใจนักเลง"" ต้นฉบับคือใคร?",hard,300,อ๊อฟ พงษ์พัฒน์ | เสก โลโซ | ปู พงษ์สิทธิ์ | หนุ่ย อำพล,อ๊อฟ พงษ์พัฒน์
Y2K,Dare,"ท้าให้ทำ: ร้องเพลง ""ซ่าส์...สั่นๆ"" ท่อนฮุค",hard,300,,
Viral,Truth,"เพลง ""APT."" เป็นผลงานของ Rosé กับใคร?",hard,300,Bruno Mars | Justin Bieber | The Weeknd | Ed Sheeran,Bruno Mars
Viral,Truth,"แอปพลิเคชัน ""Threads"" สร้างมาแข่งกับแอปฯ ใด?",hard,300,Facebook | TikTok | Twitter (X) | Instagram,Twitter (X)
Viral,Truth,"คำว่า ""Y2K"" ย่อมาจากปีอะไร?",hard,300,Year 2 Kilos | Year 2000 | Yes 2 Kids | Year 20 K,Year 2000
Viral,Truth,สีประจำปี 2024 (Pantone) คือโทนสีอะไร?,hard,300,Peach Fuzz (ส้มพีช) | Classic Blue (น้ำเงิน) | Viva Magenta (แดงม่วง) | Ultimate Gray (เทา),Peach Fuzz (ส้มพีช)
Viral,Truth,"เพลง ""หมูเด้ง"" มีจังหวะดนตรีแบบใด?",hard,300,สามช่า | หมอลำ | ร็อค | แร็ป,สามช่า
Viral,Dare,ท้าให้ทำ: แร็ปแนะนำตัว 4 บรรทัด,hard,300,,
Food,Truth,สุกี้กับชาบู ต่างกันที่อะไรหลักๆ?,hard,300,ราคา | น้ำจิ้มและการกิน | ชนิดผัก | ขนาดหม้อ,น้ำจิ้มและการกิน
Food,Truth,ห้ามเอาอะไรเข้าไมโครเวฟทั้งเปลือก?,hard,300,ขนมปัง | ไก่ทอด | ไข่ไก่ | ผักต้ม,ไข่ไก่
Food,Truth,บะหมี่กึ่งสำเร็จรูปยี่ห้อแรกของไทย?,hard,300,มาม่า | ไวไว | ยำยำ | นิสชิน,ยำยำ
Food,Truth,"""ข้าวผัดอเมริกัน"" กำเนิดที่ไหน?",hard,300,อเมริกา | ไทย | อังกฤษ | ญี่ปุ่น,ไทย
Food,Truth,สารอาหารใดให้พลังงานมากที่สุด (9 kcal/g)?,hard,300,โปรตีน | คาร์โบไฮเดรต | ไขมัน | วิตามิน,ไขมัน
Food,Truth,"ภาคเหนือเรียก ""ขนมจีน"" ว่าอะไร?",hard,300,ข้าวปุ้น | ข้าวซอย | ขนมเส้น | ก๋วยจั๊บ,ขนมเส้น
Food,Truth,แซลมอนดิบ ส่วนที่มีไขมันแทรกสวยงามเรียกว่า?,hard,300,Sashimi | Sushi | Otoro/Belly | Maki,Otoro/Belly
Food,Dare,ท้าให้ทำ: กินมะนาว 1 ชิ้น ห้ามทำหน้าเปรี้ยว,hard,300,,
Food,Dare,ท้าให้ทำ: ปิดตาทายยี่ห้อน้ำอัดลม,hard,300,,
Entertainment,Truth,พระเอก Crash Landing on You?,hard,300,กงยู | ลีมินโฮ | ฮยอนบิน | ซงจุงกิ,ฮยอนบิน
Entertainment,Truth,ชื่อทางการของรางวัล Oscar?,hard,300,Golden Globe | Grammy | Academy Awards | Emmy,Academy Awards
Entertainment,Truth,ชื่อเดิมของ Bodyslam?,hard,300,ละอ่อน | กะลา | ไอน้ำ | แคลช,ละอ่อน
Entertainment,Truth,นางเอกคู่ขวัญคนแรกของ เจมส์ จิ?,hard,300,ญาญ่า | คิมเบอร์ลี่ | เบลล่า | แต้ว,เบลล่า
Entertainment,Truth,"ค่ายเพลงยักษ์ใหญ่ของเกาหลี ""SM, YG, JYP"" ขาดอีกค่ายคือ?",hard,300,CUBE | HYBE | STARSHIP | GMM,HYBE
Entertainment,Truth,"ภาพยนตร์เรื่อง ""Harry Potter"" มีทั้งหมดกี่ภาค (นับตามหนังสือ)?",hard,300,5 ภาค | 6 ภาค | 7 ภาค | 8 ภาค,7 ภาค
Entertainment,Truth,ใคร ไม่ใช่ กรรมการ The Voice Thailand ซีซั่นแรก?,hard,300,โค้ชก้อง | โค้ชแสตมป์ | โค้ชโจอี้ | โค้ชดา,โค้ชดา
Entertainment,Dare,ท้าให้ทำ: เต้น Moonwalk ถอยหลัง,hard,300,,
Knowledge,Truth,"แบงก์ 1,000 (ร.10) ด้านหลังคือรูปใคร?",hard,300,ร.5 | ร.9 | ร.5+ร.10 | ร.9+ร.10,ร.9+ร.10
Knowledge,Truth,ประเทศอาเซียนที่ไม่มีทางออกทะเล?,hard,300,พม่า | ลาว | เวียดนาม | กัมพูชา,ลาว
Knowledge,Truth,รหัสไปรษณีย์ขึ้นต้นด้วยเลข 1 คือ?,hard,300,เหนือ | ใต้ | กทม./ปริมณฑล | อีสาน,กทม./ปริมณฑล
Knowledge,Truth,สัตว์ชนิดใด ไม่ใช่ สัตว์สงวนของไทย?,hard,300,พะยูน | เลียงผา | สมเสร็จ | ช้างป่า,ช้างป่า
Knowledge,Truth,1 ปีอธิกสุรทิน (ปีที่มี 29 ก.พ.) มีกี่วัน?,hard,300,364 วัน | 365 วัน | 366 วัน | 367 วัน,366 วัน
Knowledge,Truth,ใครเป็นคนคิดค้นหลอดไฟ?,hard,300,ไอน์สไตน์ | นิวตัน | เอดิสัน | เทสลา,เอดิสัน
Knowledge,Dare,ท้าให้ทำ: ท่อง ก-ฮ ถอยหลัง (ฮ-อ) 5 ตัว,hard,300,,
Office,Truth,"ตามกฎหมายแรงงาน ""ช่วงทดลองงาน"" (Probation) ต้องแจ้งไม่ผ่านก่อนกี่วัน?",medium,200,60 วัน | 90 วัน | 119 วัน | 180 วัน,119 วัน
Office,Truth,"ในการส่งอีเมล คำว่า ""CC"" ย่อมาจากอะไร?",medium,200,Copy Cat | Carbon Copy | Company Contact | Current Copy,Carbon Copy
Office,Truth,ประกันสังคม ม.33 หักเงินสมทบสูงสุดเดือนละกี่บาท?,medium,200,"450 บาท | 750 บาท | 1,000 บาท | 1,500 บาท",750 บาท
Office,Truth,"คำศัพท์ธุรกิจ ""B2B"" ย่อมาจากอะไร?",medium,200,Back to Basic | Business to Business | Buyer to Business | Boss to Boss,Business to Business
Office,Truth,ฟอนต์ภาษาไทยมาตรฐานสำหรับหนังสือราชการคือ?,medium,200,Angsana New | Cordia New | TH Sarabun PSK | Browallia New,TH Sarabun PSK
Office,Truth,"คำว่า ""Pitching"" ในวงการเอเจนซี่หมายถึงอะไร?",medium,200,การไล่ออก | การนำเสนองานขาย | การรับพนักงานใหม่ | การจัดปาร์ตี้,การนำเสนองานขาย
Office,Truth,โปรแกรมใด ไม่ใช่ โปรแกรมในชุด Microsoft Office?,medium,200,Word | Excel | Photoshop | PowerPoint,Photoshop
Office,Truth,"""Soft Skill"" ที่สำคัญในการแก้ปัญหาความขัดแย้งคือ?",medium,200,Coding | Empathy | Accounting | Writing,Empathy
Office,Dare,ท้าให้ทำ: พิมพ์ข้อความตามที่บอกลงมือถือ ห้ามผิดแม้แต่ตัวเดียว,medium,200,,
Office,Dare,ท้าให้ทำ: พูดชื่อเพื่อนร่วมงานในแผนกให้ครบทุกคนภายใน 30 วินาที,medium,200,,
Y2K,Truth,เดิมที โดราเอมอน มีสีอะไรก่อนจะตัวลอก?,medium,200,สีฟ้า | สีเหลือง | สีแดง | สีขาว,สีเหลือง
Y2K,Truth,Girly Berry มีสมาชิกทั้งหมดกี่คน?,medium,200,3 คน | 4 คน | 5 คน | 6 คน,4 คน
Y2K,Truth,"โปรแกรมแชท MSN สัญลักษณ์สถานะ ""Online"" เป็นรูปคนสีอะไร?",medium,200,สีฟ้า | สีเขียว | สีส้ม | สีแดง,สีเขียว
Y2K,Truth,"""แม่มา แม่มา"" เป็นวลีเด็ดจากละครเรื่อง?",medium,200,อังกอร์ | ป่านางเสือ | ธิดาวานร | เสือสั่งฟ้า,ธิดาวานร
Y2K,Truth,F4 ไต้หวัน มีสมาชิกกี่คน?,medium,200,3 คน | 4 คน | 5 คน | 6 คน,4 คน
Y2K,Truth,"หนังเรื่อง ""แฟนฉัน"" พระเอกชื่อว่าอะไร?",medium,200,เจี๊ยบ | น้อยหน่า | แจ็ค | ตี๋,เจี๊ยบ
Y2K,Truth,"วง ""Blackhead"" นักร้องนำชื่ออะไร?",medium,200,ปู | โป่ง | ป้อม | ปั๊บ,ปู
Y2K,Dare,"ท้าให้ทำ: เต้นท่า ""เกรงใจ"" (Raptor) 30 วินาที",medium,200,,
Y2K,Dare,"ท้าให้ทำ: เลียนเสียง ""ชินจัง""",medium,200,,
Viral,Truth,"เจ้าของเพลง ""ทรงอย่างแบด"" คือวง?",medium,200,Potato | Paradox | Paper Planes | Tilly Birds,Paper Planes
Viral,Truth,เหรียญคริปโตสกุลแรกของโลกคือ?,medium,200,Ethereum | Dogecoin | Bitcoin | USDT,Bitcoin
Viral,Truth,TikTok มาจากประเทศอะไร?,medium,200,อเมริกา | ญี่ปุ่น | เกาหลี | จีน,จีน
Viral,Truth,Pop Mart ขายสินค้าอะไรเป็นหลัก?,medium,200,เสื้อผ้า | ขนม | Art Toy | เครื่องสำอาง,Art Toy
Viral,Truth,"""Labubu"" คือคาแรคเตอร์ที่มีลักษณะเด่นคือ?",medium,200,หูยาว ฟันแหลม | ตัวสีชมพู | มี 3 ตา | ไม่มีปาก,หูยาว ฟันแหลม
Viral,Truth,"คำว่า ""ฉ่ำ"" ในภาษาวัยรุ่นแปลว่า?",medium,200,เปียกแฉะ | มาก/เยอะ/สะใจ | หวานเจี๊ยบ | เศร้าหมอง,มาก/เยอะ/สะใจ
Viral,Truth,"ใครคือเจ้าของฉายา ""พี่จอง-คัลแลน""?",medium,200,ยูทูบเบอร์สายกิน | ยูทูบเบอร์สายเที่ยว | นักร้องเกาหลี | ดาราซีรีส์,ยูทูบเบอร์สายเที่ยว
Viral,Truth,"""ChatGPT"" เป็นเทคโนโลยีประเภทใด?",medium,200,Robot | AI Hardware Acceleration | Metaverse | AI Service,AI Service
Viral,Truth,แอปฯ ทางรัฐ ใช้ทำอะไรเป็นหลัก (ช่วงปี 2024)?,medium,200,จ่ายค่าไฟ | รับเงินดิจิทัลวอลเล็ต | จองคิวหมอ | ซื้อหวย,รับเงินดิจิทัลวอลเล็ต
Viral,Dare,ท้าให้ทำ: เต้นเพลง TikTok ที่ฮิตที่สุดตอนนี้ 15 วินาที,medium,200,,
Viral,Dare,"ท้าให้ทำ: ห้ามพูด ""คะ/ครับ"" 1 นาที",medium,200,,
Food,Truth,7-Eleven มาจากประเทศอะไร?,medium,200,ญี่ปุ่น | ไทย | อเมริกา | จีน,อเมริกา
Food,Truth,ไข่ต้ม 1 ฟอง ให้พลังงานประมาณ?,medium,200,20 kcal | 70-80 kcal | 150 kcal | 200 kcal,70-80 kcal
Food,Truth,จังหวัดใดดังเรื่องหมูย่าง?,medium,200,ภูเก็ต | เชียงใหม่ | ตรัง | หาดใหญ่,ตรัง
Food,Truth,"""Omakase"" แปลว่า?",medium,200,ของแพง | ปลาดิบ | ตามใจเชฟ | อร่อยมาก,ตามใจเชฟ
Food,Truth,"ผลไม้ชนิดใดถูกเรียกว่า ""ราชาแห่งผลไม้"" ในไทย?",medium,200,มังคุด | ทุเรียน | มะม่วง | ขนุน,ทุเรียน
Food,Truth,ร้านอาหาร MK สุกี้ มีเมนูซิกเนเจอร์คือ?,medium,200,ไก่ทอด | เป็ดย่าง | หมูกรอบ | ปลาเผา,เป็ดย่าง
Food,Truth,เครื่องดื่มชนิดใดมีคาเฟอีนมากที่สุด?,medium,200,โค้ก | ชาเขียว | กาแฟเอสเพรสโซ่ | น้ำส้ม,กาแฟเอสเพรสโซ่
Food,Dare,ท้าให้ทำ: บอกชื่อเมนูไข่ 10 อย่าง ใน 20 วินาที,medium,200,,
Food,Dare,ท้าให้ทำ: รีวิวรสชาติน้ำเปล่าให้น่ากิน,medium,200,,
Entertainment,Truth,หนังไทยรายได้สูงสุดตลอดกาล (2024)?,medium,200,สัปเหร่อ | หลานม่า | พี่มาก..พระโขนง | ชัตเตอร์,พี่มาก..พระโขนง
Entertainment,Truth,BNK48 เป็นวงน้องของ?,medium,200,AKB48 | SKE48 | HKT48 | JKT48,AKB48
Entertainment,Truth,หน้ากากทุเรียน คือใคร?,medium,200,ตู่ ภพธร | ทอม อิศรา | เป๊ก ผลิตโชค | แสตมป์,ทอม อิศรา
Entertainment,Truth,ศิลปิน K-POP สัญชาติไทยคนแรกๆ ในวง 2PM?,medium,200,แบมแบม | ลิซ่า | นิชคุณ | เตนล์,นิชคุณ
Entertainment,Truth,"ละคร ""กรงกรรม"" ตัวละคร ""แม่ย้อย"" แสดงโดย?",medium,200,แอน ทองประสม | นุ่น วรนุช | ใหม่ เจริญปุระ | ชมพู่ อารยา,ใหม่ เจริญปุระ
Entertainment,Truth,"ใครคือ ""ราชินีลูกทุ่ง"" ตลอดกาลของไทย?",medium,200,ต่าย อรทัย | พุ่มพวง ดวงจันทร์ | สุนารี ราชสีมา | ฮาย อาภาพร,พุ่มพวง ดวงจันทร์
Entertainment,Truth,ซีรีส์ Squid Game มีชื่อไทยว่า?,medium,200,เกมปลาหมึก | เกมมรณะ | เกมลุ้นตาย | เกมล่าฆ่า,เล่นลุ้นตาย (Squid Game)
Entertainment,Truth,"พระเอกหนัง ""John Wick"" รับบทโดย?",medium,200,Tom Cruise | Brad Pitt | Keanu Reeves | The Rock,Keanu Reeves
Entertainment,Dare,"ท้าให้ทำ: เล่นฉาก ""ตบจูบ"" กับอากาศ",medium,200,,
Entertainment,Dare,ท้าให้ทำ: เลียนเสียงดาราให้เพื่อนทาย,medium,200,,
Knowledge,Truth,สัตว์ใดนอนหลับโดยลืมตา?,medium,200,ม้า | ปลา | แมว | นก,ปลา
Knowledge,Truth,จังหวัดพื้นที่มากที่สุดในไทย?,medium,200,เชียงใหม่ | นครราชสีมา | กาญจนบุรี | ตาก,นครราชสีมา
Knowledge,Truth,โอลิมปิก 2024 จัดที่ไหน?,medium,200,ญี่ปุ่น | ฝรั่งเศส | จีน | อเมริกา,ฝรั่งเศส
Knowledge,Truth,อวัยวะใดฟอกเลือด?,medium,200,หัวใจ | ปอด | ตับ | ไต,ไต
Knowledge,Truth,จำนวนจังหวัดในประเทศไทยปัจจุบัน (รวม กทม.) มีกี่จังหวัด?,medium,200,75 | 76 | 77 | 78,77
Knowledge,Truth,โลกหมุนรอบตัวเองใช้เวลาเท่าไหร่?,medium,200,12 ชม. | 24 ชม. | 30 วัน | 365 วัน,24 ชม.
Knowledge,Dare,ท้าให้ทำ: คูณ 12x12x2 ในใจ ตอบใน 5 วิ,medium,200,,
Knowledge,Dare,ท้าให้ทำ: ยืนกระต่ายขาเดียว หลับตา 30 วิ,medium,200,,
Office,Truth,"คำย่อ ""EOD"" ที่มักใช้ในการกำหนดส่งงาน แปลว่าอะไร?",easy,100,End of Day | End of Date | End of Deal | Every Other Day,End of Day
Office,Truth,ภาษีเงินได้บุคคลธรรมดา ใช้แบบฟอร์มชื่อว่าอะไร?,medium,200,ภ.พ. 30 | ภ.ง.ด. 90/91 | ภ.ง.ด. 1 | ภ.ธ. 40,ภ.ง.ด. 90/91
Office,Truth,"ในที่ประชุม ถ้าเจ้านายบอกว่า ""FYI"" ย่อมาจากอะไร?",easy,100,For Your Information | For Your Idea | For Your Interest | For You Ignore,For Your Information
Office,Truth,โปรแกรม Zoom โลโก้พื้นหลังเป็นสีอะไร?,easy,100,สีเขียว | สีฟ้า/น้ำเงิน | สีแดง | สีส้ม,สีฟ้า/น้ำเงิน
Office,Truth,"คำว่า ""WFH"" ย่อมาจาก?",easy,100,Work From Home | Wait For Home | Work For Him | Walk From Home,Work From Home
Office,Truth,กระดาษ A4 มีขนาดกว้าง x ยาว เท่าไหร่ (โดยประมาณ)?,hard,300,190 x 280 mm | 210 x 297 mm | 250 x 350 mm | 297 x 420 mm,210 x 297 mm
Office,Truth,ประกันสังคม มาตรา 40 คือผู้ประกันตนกลุ่มใด?,hard,300,พนักงานเอกชน | ข้าราชการ | อาชีพอิสระ/ฟรีแลนซ์ | พนักงานรัฐวิสาหกิจ,อาชีพอิสระ/ฟรีแลนซ์
Office,Dare,"ท้าให้ทำ: ทำท่า ""แอบหลับในที่ประชุม"" แล้วสะดุ้งตื่น เนียนๆ",easy,100,,
Office,Dare,"ท้าให้ทำ: แสดงบทบาทสมมติ ""ไล่พนักงานออก"" ด้วยน้ำเสียงที่นุ่มนวลที่สุด",hard,300,,
Office,Dare,ท้าให้ทำ: พูดย่อความเก่งของตัวเองใน 3 คำ (ห้ามหยุดคิดนาน),medium,200,,
Y2K,Truth,"เกมออนไลน์ ""Ragnarok"" สกุลเงินในเกมเรียกว่าอะไร?",medium,200,Gold | Gil | Zeny | Baht,Zeny
Y2K,Truth,วงบอยแบนด์ D2B ประกอบด้วยสมาชิกชื่ออะไรบ้าง?,medium,200,แดน บีม บิ๊ก | แดน บอม บิ๊ก | ดอม บีม บอย | แดน บอย บิ๊ก,แดน บีม บิ๊ก
Y2K,Truth,"""ทาทา ยัง"" มีฉายาว่าอะไร?",easy,100,สาวน้อยมหัศจรรย์ | ราชินีแดนซ์ | เจ้าหญิง R&B | สาวมาดเซอร์,สาวน้อยมหัศจรรย์
Y2K,Truth,"ละคร ""เปาบุ้นจิ้น"" หน้าผากของเปาบุ้นจิ้นมีรูปอะไร?",easy,100,พระอาทิตย์ | พระจันทร์เสี้ยว | ดาว | หยินหยาง,พระจันทร์เสี้ยว
Y2K,Truth,"สูตรโกงเกม Contra ในตำนาน กดสูตรว่า ""ขึ้นๆ ลงๆ ซ้ายขวา ซ้ายขวา..."" แล้วตามด้วยปุ่มใด?",hard,300,A B Select Start | B A Select Start | A A B B Start | Select Start A B,B A Select Start
Y2K,Truth,"ภาพยนตร์ ""แฟนฉัน"" เพลงประกอบหลักที่พระเอกร้องจีบนางเอกคือเพลง?",medium,200,คอนเสิร์ตคนจน | รักครั้งแรก | ใจให้ไป | แฟนจ๋า,รักครั้งแรก
Y2K,Truth,"รายการ ""กระจกหกด้าน"" เพลงไตเติ้ลเป็นเสียงดนตรีเครื่องดนตรีชนิดใดชัดที่สุด?",hard,300,ขลุ่ย | ระนาด | ซอ | ปี่พาทย์,ระนาด
Y2K,Dare,"ท้าให้ทำ: เต้นท่า ""แคระแกร็น"" (เพลงป๋าเทพ) หรือท่าตลกยุคเก่า",medium,200,,
Y2K,Dare,ท้าให้ทำ: ทำเสียงโมเด็มต่ออินเทอร์เน็ตยุค 56k (ตื้ด...ตื่อ...ซ่า...),hard,300,,
Y2K,Dare,ท้าให้ทำ: โพสท่าถ่ายรูปสติกเกอร์ (Puri-kura) 3 ท่า ต่อเนื่อง,easy,100,,
Viral,Truth,"สัญลักษณ์ ""#"" เรียกว่าอะไร?",easy,100,Star | At | Hashtag | Slash,Hashtag
Viral,Truth,"เวลาซื้อของออนไลน์ พิมพ์ ""CF"" แปลว่าอะไร?",easy,100,Cancel Free | Confirm | Cash Free | Come Fast,Confirm
Viral,Truth,"คำศัพท์ ""F"" ในการไลฟ์ขายของ ย่อมาจากอะไร?",easy,100,Fake | Fast | For | F (= จอง/เอา),F (= จอง/เอา)
Viral,Truth,"""Lisa"" (Blackpink) เป็นคนจังหวัดอะไรโดยกำเนิด?",medium,200,กรุงเทพฯ | บุรีรัมย์ | เชียงใหม่ | ขอนแก่น,บุรีรัมย์
Viral,Truth,"ใครคือเจ้าของวลี ""เรื่องนี้ริวจะไม่ยุ่ง""?",medium,200,เจน ญาณทิพย์ | หมอปลา | ริว จิตสัมผัส | หมอช้าง,ริว จิตสัมผัส
Viral,Truth,"แอปพลิเคชันใดที่เน้น ""รูปภาพ"" เป็นหลักมากที่สุด?",easy,100,Twitter | Instagram | Clubhouse | LinkedIn,Instagram
Viral,Truth,"คำว่า ""ตัวมารดา"" มีความหมายใกล้เคียงกับคำว่าอะไร?",medium,200,ตัวแม่/ตัวมัม | ตัวปัญหา | ตัวตลก | ตัวอิจฉา,ตัวแม่/ตัวมัม
Viral,Dare,"ท้าให้ทำ: รีวิว ""อากาศ"" ในห้องนี้ให้น่าซื้อที่สุด ภายใน 30 วินาที",hard,300,,
Viral,Dare,"ท้าให้ทำ: ทำท่า ""สโลว์โมชั่น"" (Slow Motion) วิ่งหนีผี",medium,200,,
Viral,Dare,ท้าให้ทำ: พูดภาษาต่างดาว (มั่วๆ) ใส่เพื่อน 10 วินาที,easy,100,,
Food,Truth,"""หมูกระทะ"" เชื่อกันว่ามีต้นกำเนิดดัดแปลงมาจากเตาย่างของทหารประเทศใด?",medium,200,ไทย | ญี่ปุ่น | เกาหลี/มองโกล | เวียดนาม,เกาหลี/มองโกล
Food,Truth,ผัดกะเพราที่แท้จริง (Original) ควรใส่ผักอะไรบ้าง?,hard,300,ถั่วฝักยาว+ข้าวโพด | ใบกะเพรา+พริก+กระเทียม | หอมหัวใหญ่+แครอท | ใส่ทุกอย่างที่กล่าวมา,ใบกะเพรา+พริก+กระเทียม
Food,Truth,"แบรนด์ไก่ทอด ""Bonchon"" มาจากประเทศอะไร?",easy,100,อเมริกา | เกาหลีใต้ | ญี่ปุ่น | ไทย,เกาหลีใต้
Food,Truth,ชานมไข่มุก (Bubble Tea) มีต้นกำเนิดจากประเทศใด?,medium,200,ไทย | จีน | ไต้หวัน | ฮ่องกง,ไต้หวัน
Food,Truth,"ผลไม้ ""อะโวคาโด"" เป็นส่วนผสมหลักของซอสอะไร?",hard,300,มายองเนส | กัวคาโมเล่ (Guacamole) | ซัลซ่า | วาซาบิ,กัวคาโมเล่ (Guacamole)
Food,Truth,"รสชาติ ""หมาล่า"" มีจุดเด่นคือ?",easy,100,เปรี้ยวจี๊ด | หวานจัด | เผ็ดและชา | เค็มมัน,เผ็ดและชา
Food,Truth,"เมนูหวานยอดฮิตของร้าน ""After You"" คืออะไร?",medium,200,บิงซูสายไหม | ฮันนี่โทสต์ (Shibuya Honey Toast) | แพนเค้กเด้งดึ๋ง | เครปเย็น,ฮันนี่โทสต์ (Shibuya Honey Toast)
Food,Dare,"ท้าให้ทำ: ทำท่ากิน ""ส้มตำปูปลาร้าเผ็ดๆ"" แบบไม่มีน้ำกิน (ละครใบ้)",medium,200,,
Food,Dare,"ท้าให้ทำ: บรรยายรสชาติของ ""ก้อนอิฐ"" ให้น่ากิน",hard,300,,
Food,Dare,ท้าให้ทำ: ทำท่าปอกกล้วยเข้าปาก โดยห้ามใช้มือ,medium,200,,
Entertainment,Truth,"ค่ายหนัง ""GDH"" แต่เดิมเคยเป็นส่วนหนึ่งของค่ายใด?",medium,200,GTH | Sahamongkol | Five Star | M39,GTH
Entertainment,Truth,"เพลง ""คุกกี้เสี่ยงทาย"" (Koisuru Fortune Cookie) ท่าเต้นสำคัญคือท่าอะไร?",easy,100,ท่าไก่ย่าง | ท่าปั้นข้าวปั้น/โอนิกิริ | ท่าควบม้า | ท่านกบิน,ท่าปั้นข้าวปั้น/โอนิกิริ
Entertainment,Truth,ซีรีส์วาย (Y Series) คำว่า Y ย่อมาจากภาษาญี่ปุ่นคำว่า?,hard,300,Yuri | Yaoi | Young | Yellow,Yaoi
Entertainment,Truth,ใครคือ CEO ของ Workpoint Entertainment?,easy,100,วิทวัส สุนทรวิเนตร์ | ปัญญา นิรันดร์กุล | สรยุทธ สุทัศนะจินดา | ดู๋ สัญญา,ปัญญา นิรันดร์กุล
Entertainment,Truth,"ภาพยนตร์เรื่อง ""สัปเหร่อ"" เป็นจักรวาลเดียวกับหนังเรื่องใด?",medium,200,ไทบ้าน เดอะซีรีส์ | หอแต๋วแตก | พี่มาก..พระโขนง | 4 แพร่ง,ไทบ้าน เดอะซีรีส์
Entertainment,Truth,"""พี่จอง-คัลแลน"" เป็นคนประเทศอะไร?",easy,100,ญี่ปุ่น | จีน | เกาหลีใต้ | สิงคโปร์,เกาหลีใต้
Entertainment,Truth,"รายการ ""โหนกระแส"" พิธีกรคือใคร?",easy,100,กรรชัย กำเนิดพลอย | สรยุทธ สุทัศนะจินดา | ภาคภูมิ พันธุ์สถิตย์ | พุทธอภิวรรณ,กรรชัย กำเนิดพลอย
Entertainment,Dare,"ท้าให้ทำ: ทำท่าเป็น ""ก็อตซิลล่า"" บุกเมือง",easy,100,,
Entertainment,Dare,"ท้าให้ทำ: พูดภาษาไทยสำเนียง ""เกาหลี"" (อันนยองฮาเซโย...) 1 ประโยค",medium,200,,
Entertainment,Dare,ท้าให้ทำ: เต้นท่าฟรีสไตล์ เพลงลูกทุ่งสามช่า 20 วินาที,easy,100,,
Knowledge,Truth,แมงมุม มีขากี่ขา?,easy,100,6 ขา | 8 ขา | 10 ขา | 12 ขา,8 ขา
Knowledge,Truth,เมืองหลวงของประเทศญี่ปุ่นคือ?,easy,100,โอซาก้า | โตเกียว | เกียวโต | ฮอกไกโด,โตเกียว
Knowledge,Truth,ทวีปใดมีขนาดใหญ่ที่สุดในโลก?,medium,200,แอฟริกา | อเมริกาเหนือ | เอเชีย | ยุโรป,เอเชีย
Knowledge,Truth,จุดเยือกแข็งของน้ำคือกี่องศาเซลเซียส?,easy,100,0 องศา | 10 องศา | -1 องศา | 100 องศา,0 องศา
Knowledge,Truth,ธงชาติไทยมีทั้งหมดกี่สี (ไม่นับแถบ)?,easy,100,2 สี | 3 สี | 4 สี | 5 สี,3 สี
Knowledge,Truth,"ตัวย่อ ""AI"" ในวงการเทคโนโลยี ย่อมาจาก?",medium,200,Auto Internet | Artificial Intelligence | Advanced Info | Alien Invasion,Artificial Intelligence
Knowledge,Truth,สัตว์ชนิดใดวิ่งเร็วที่สุดในโลก (บนบก)?,medium,200,สิงโต | เสือชีตาห์ | ม้า | สุนัขเกรย์ฮาวด์,เสือชีตาห์
Knowledge,Dare,ท้าให้ทำ: ท่องสูตรคูณแม่ 2 ถอยหลัง (2x12 ถึง 2x1) ภายใน 10 วินาที,hard,300,,
Knowledge,Dare,ท้าให้ทำ: พยายามเลียข้อศอกตัวเอง (ให้เพื่อนดูว่าทำไม่ได้),easy,100,,
Knowledge,Dare,ท้าให้ทำ: หมุนตัว 5 รอบ แล้วเดินตรงๆ ให้ได้ 3 ก้าว,medium,200,,